137,72,11,0,148,82,21,0,154,93,33,227,166,105,43,237,177,114,52,246,185,124,62,1,195,134,72,11,207,144,82,21,215,0,92,31,0,164,102,41,238,174,112,51,245,184,0,63,255,194,134,70,9,205,142,81,22,214,153,91,29,224,162,101,40,234,173,114,51,245,185,123,61,1
23,213,152,90,29,223,162,101,40,235,173,112,51,245,184,122,60,255,193,132,71,9,204,142,81,19,214,152,91,30,224,163,0,40,234,173,0,50,0,183,121,60,0,194,0,71,10,204,143,81,0,214,152,91,30,224,163,101,40,234,173,111,0,244,0,121,59,254,193,0,70,9,203,142,0
91,24,0,0,95,33,228,0,105,44,0,0,116,55,251,188,126,65,3,198,136,75,13,208,146,85,23,217,156,95,0,229,167,106,44,239,177,117,55,250,189,127,65,4,0,137,76,15,0,148,87,0,220,0,97,36,230,0,107,45,239,178,116,0,249,188,127,65,4,199,137,76,15,210,148,0,25,22
235,169,0,47,241,180,0,57,252,190,129,68,6,201,140,78,17,0,150,89,28,222,161,0,38,233,171,109,48,242,181,119,57,251,190,0,67,0,200,138,77,0,209,0,86,24,0,157,96,34,228,167,105,44,239,177,116,54,249,0,126,65,0,198,136,75,13,208,147,86,24,219,157,96,34,22
116,49,244,182,121,59,254,192,131,70,9,203,142,0,19,213,0,90,0,223,161,100,39,233,172,110,48,0,181,119,58,253,192,0,69,0,202,140,79,18,0,151,0,0,222,161,99,0,232,171,110,48,0,181,0,58,0,191,130,68,7,201,140,78,17,0,150,0,27,222,161,99,0,0,171,109,48,242
183,117,56,250,189,127,66,4,199,137,76,14,209,148,0,25,0,158,97,35,230,169,107,46,241,0,118,56,251,190,128,66,5,200,138,77,16,210,149,87,26,220,159,0,36,231,169,108,47,241,180,118,56,251,190,128,0,5,199,138,0,15,210,149,87,26,220,158,0,35,230,168,106,45
67,0,195,134,73,0,205,144,82,0,215,153,92,30,225,0,0,41,235,174,112,51,245,184,122,61,255,194,133,0,10,0,143,82,21,215,154,92,31,0,164,103,41,235,174,113,0,246,185,0,62,1,196,134,72,0,205,144,0,0,215,153,92,30,225,0,0,41,236,174,113,0,247,0,124,63,2,196
210,0,81,20,214,153,92,30,224,163,101,40,234,173,0,50,0,183,122,60,0,193,131,0,8,202,0,79,18,0,151,90,0,223,162,100,39,234,0,111,49,244,182,121,59,254,192,131,69,8,0,141,0,18,213,0,90,29,224,162,101,39,233,0,110,49,243,0,120,58,253,191,130,68,7,201,140,
91,0,219,157,95,34,0,167,105,44,238,177,0,0,248,187,125,64,2,197,0,74,0,207,146,84,0,217,156,94,33,227,0,104,42,237,175,114,0,247,185,124,63,1,0,134,73,0,206,145,84,22,217,155,93,32,226,164,103,41,236,174,113,51,246,184,122,61,255,194,132,71,9,203,142,8
30,106,186,11,150,230,55,194,18,0,179,3,9,127,207,31,111,192,75,155,236,119,199,0,104,184,8,0,169,249,73,0,234,58,138,218,43,182,6,87,226,50,0,211,35,115,0,20,100,180,0,85,165,245,0,150,33,113,194,77,157,238,121,126,254,137,217,0,122,202,26,0,187,11,91,
137,213,38,177,1,82,221,45,0,206,30,110,0,15,95,175,0,80,160,240,0,145,28,108,189,72,152,233,116,196,0,101,181,5,0,90,0,42,181,5,86,225,49,0,210,34,114,0,19,99,179,3,84,223,47,128,187,56,136,217,100,180,5,144,224,0,129,209,33,0,194,18,98,0,3,83,163,0,68
145,221,104,185,0,89,169,175,30,110,190,14,95,234,58,139,22,102,0,7,87,167,0,72,152,232,0,137,142,10,0,171,251,75,155,236,119,199,24,163,243,0,148,228,52,0,213,37,117,0,22,161,241,66,205,29,110,249,73,0,234,58,138,0,43,123,203,0,108,188,12,92,173,56,136
191,126,64,3,0,136,0,13,208,147,0,24,0,157,96,0,0,168,0,45,239,178,116,55,0,188,127,66,4,199,0,76,15,209,148,0,25,220,159,98,37,231,0,108,47,242,180,119,58,0,191,129,68,7,201,140,79,18,213,151,90,29,223,163,102,41,0,174,113,52,246,185,123,62,1,196,134,7
17,206,145,84,23,217,156,95,0,228,167,106,45,240,179,0,56,251,190,129,0,0,0,0,79,18,0,151,90,29,224,163,101,40,0,173,112,51,245,183,122,60,255,193,132,71,10,205,143,82,21,215,154,93,31,226,164,103,0,236,175,114,53,247,254,126,9,89,0,250,74,154,0,59,139,
187,123,59,0,192,131,69,8,202,140,79,17,214,151,89,28,0,161,101,39,232,171,109,47,245,180,118,57,251,189,128,66,4,199,137,0,13,0,145,84,23,217,155,93,31,225,0,101,40,235,173,111,50,244,0,121,60,254,192,130,0,6,200,0,76,14,208,146,84,0,215,154,92,31,225,
50,238,176,114,52,247,0,124,63,1,196,134,72,11,205,144,82,20,215,153,91,29,224,162,100,37,232,169,107,46,241,179,0,56,0,188,127,65,3,0,135,73,11,205,143,82,21,215,154,91,29,223,162,100,0,0,170,108,46,240,178,117,0,250,189,127,66,4,198,136,75,13,0,146,84
160,94,32,227,0,104,43,238,176,113,52,247,185,124,62,0,194,132,0,9,203,141,79,17,212,150,88,27,221,159,97,35,230,0,107,45,240,178,117,56,250,0,126,63,1,0,0,72,11,204,143,81,20,214,152,90,28,222,161,99,37,232,0,109,48,242,181,118,56,251,0,129,67,0,200,13
19,208,146,84,23,217,155,93,32,0,165,103,41,236,174,112,50,244,183,0,58,253,0,129,66,4,198,136,74,13,0,145,83,22,217,155,0,0,0,165,104,42,236,175,113,51,0,0,122,60,255,193,131,69,0,202,140,0,0,212,150,88,0,220,0,97,35,229,168,106,45,239,178,117,56,250,1
135,69,0,202,141,80,18,213,151,89,27,222,160,0,37,0,169,0,46,240,179,117,55,250,188,126,64,2,197,136,73,11,205,143,0,20,214,153,92,0,224,0,0,40,234,173,111,50,244,0,121,60,254,192,131,69,0,202,140,78,0,209,147,85,24,218,156,0,33,227,0,104,42,237,0,114,5
0,190,128,66,5,200,138,76,14,208,146,85,23,218,0,95,33,227,166,0,43,237,176,114,52,246,185,123,62,0,194,132,70,0,203,0,80,18,0,151,88,26,220,0,97,0,230,168,106,44,239,0,116,54,249,187,126,64,2,196,134,71,10,205,143,82,20,0,153,92,30,225,163,102,40,234,1
117,50,244,183,0,59,253,0,130,0,6,201,139,78,0,210,148,87,0,219,157,95,34,228,167,106,44,239,178,0,55,250,188,0,66,0,199,137,76,15,209,147,85,24,218,156,95,0,228,167,0,44,238,176,114,52,247,186,124,0,1,195,133,71,10,205,143,0,19,214,0,91,29,223,0,100,39
236,169,107,45,239,177,116,54,248,186,124,62,0,195,0,72,10,0,143,82,21,215,154,0,31,225,164,102,40,235,173,111,50,244,183,121,58,252,190,129,67,5,199,137,76,0,0,147,86,24,0,157,95,33,228,0,105,44,238,176,114,52,246,0,123,0,0,0,0,72,10,205,143,82,20,214,
102,35,229,168,106,44,0,178,0,55,0,189,127,0,4,0,136,75,13,0,146,84,22,217,155,0,32,226,165,103,42,236,0,112,50,244,182,120,58,252,189,127,65,3,197,136,74,0,207,145,83,0,215,153,91,29,0,0,101,40,234,172,110,48,242,181,0,57,252,0,128,66,4,198,136,75,0,20
215,149,87,26,220,159,97,36,231,170,108,46,241,179,117,55,250,188,126,65,3,197,135,0,12,206,0,83,22,216,154,92,30,224,0,101,0,234,173,112,50,245,184,122,60,254,192,131,69,0,202,141,0,19,0,150,89,27,221,159,97,35,230,168,106,44,238,177,115,54,249,188,126
79,0,207,145,0,22,216,155,93,31,0,163,102,40,0,173,111,0,244,183,121,59,254,193,132,70,0,202,0,79,18,212,150,88,27,221,159,97,35,229,167,105,44,238,176,114,52,247,185,0,0,1,195,133,70,9,203,0,80,0,213,152,90,29,224,162,100,39,233,171,109,48,242,181,119,
202,136,74,13,0,146,84,22,216,154,93,31,226,165,103,42,236,174,112,51,245,183,121,59,253,192,130,68,0,0,0,77,15,209,147,86,25,219,156,95,33,228,167,105,43,238,176,114,52,247,185,123,62,0,195,133,0,10,205,143,81,19,213,151,89,28,222,160,98,0,231,169,106,
58,247,185,123,61,255,193,131,68,6,200,138,76,14,208,147,85,23,0,155,0,32,227,165,104,42,236,174,113,51,245,184,122,60,254,192,131,69,8,202,140,78,16,210,149,88,26,220,158,96,35,229,167,105,44,238,176,114,52,246,185,0,62,1,196,134,73,11,205,144,82,0,215
170,103,41,236,174,112,51,245,183,121,59,0,193,0,70,8,202,140,78,16,210,148,87,25,219,157,0,34,228,0,105,44,238,176,115,54,248,0,124,61,255,193,131,0,8,203,141,79,18,212,150,88,26,220,158,96,34,228,166,105,43,237,175,113,51,246,0,122,60,254,192,130,68,6
22,211,150,0,26,221,159,98,0,229,168,106,45,0,178,117,56,0,189,127,65,0,198,136,75,14,208,147,85,23,217,155,94,32,226,0,103,41,236,0,112,0,244,182,120,58,0,191,129,68,6,200,0,77,0,210,149,87,25,219,158,0,35,230,0,106,45,240,178,116,54,249,188,126,0,2,19
142,74,12,206,145,83,21,0,154,0,0,0,163,101,40,235,173,0,49,243,181,119,57,252,190,128,67,5,199,136,74,12,207,145,83,21,0,154,92,31,0,0,103,41,236,174,113,0,0,0,122,60,254,192,131,69,7,201,0,78,16,210,149,87,25,218,156,94,33,227,165,103,41,235,0,112,51,
181,114,52,247,184,0,61,255,0,130,69,0,202,141,0,16,211,149,88,27,221,159,98,37,231,170,0,47,241,179,117,55,249,188,126,64,0,197,136,75,14,0,146,84,22,216,0,92,30,224,162,100,38,0,171,109,47,241,179,117,55,250,188,127,0,4,199,0,0,14,209,148,86,25,219,0,
42,231,0,107,45,239,177,114,52,246,185,123,0,0,0,133,71,9,203,141,79,17,211,149,87,26,0,159,97,35,229,167,105,43,237,176,114,0,247,185,0,62,1,195,0,72,0,205,143,82,0,215,153,92,30,224,163,101,0,234,172,111,49,243,181,120,58,0,191,130,69,7,0,139,0,16,0,0
157,90,28,223,161,99,38,232,171,109,47,241,180,118,57,251,190,128,66,0,199,137,76,15,209,148,86,24,218,156,0,32,226,165,103,42,236,174,113,51,246,184,122,61,0,194,132,70,8,0,141,80,18,212,0,0,28,222,160,0,37,0,168,106,45,239,177,115,0,247,186,125,0,2,19
16,204,0,82,20,214,152,90,28,222,161,100,38,232,171,109,48,242,0,119,58,253,191,0,68,6,201,0,0,15,210,148,86,24,219,158,96,34,228,166,105,43,238,176,114,52,246,184,122,60,255,193,132,0,8,202,140,0,17,212,150,88,26,220,159,97,36,230,168,106,0,239,177,116
127,60,255,194,133,71,9,203,141,0,18,213,152,90,29,224,162,101,39,234,173,112,50,244,182,120,58,252,189,127,65,3,196,134,72,10,204,0,79,17,212,150,88,26,0,158,0,35,229,167,105,44,238,177,115,53,247,0,123,0,255,193,131,69,7,202,0,78,16,211,0,87,26,221,15
165,98,36,0,169,108,47,0,178,116,54,249,0,0,64,3,197,136,74,12,0,145,83,22,215,153,91,29,223,162,100,38,0,171,0,47,242,180,118,56,249,187,125,63,1,0,134,72,11,205,143,81,20,214,0,0,28,222,160,98,36,231,169,107,45,0,178,116,55,249,187,126,64,3,198,0,75,1
22,211,150,88,26,220,159,97,34,228,0,105,0,239,177,115,53,247,185,124,62,0,0,133,71,10,0,142,80,19,213,152,90,28,222,160,98,36,231,169,107,46,240,179,118,57,251,189,127,65,4,199,137,76,14,209,147,86,24,219,157,96,34,229,168,107,45,240,179,0,56,250,0,126
140,73,11,206,144,83,21,215,153,92,30,225,163,101,39,234,172,110,48,242,0,119,0,252,0,129,67,5,199,137,76,14,209,148,86,24,219,157,0,35,229,167,106,44,238,176,0,54,248,186,124,62,0,194,132,70,8,202,140,79,0,212,150,88,26,220,157,95,33,227,0,102,41,235,1
250,0,121,59,253,191,130,68,6,201,0,79,17,0,0,88,27,221,0,96,34,228,166,103,41,235,173,111,50,244,181,119,58,0,190,129,67,0,200,138,76,14,208,147,86,24,218,156,95,34,228,166,104,43,237,176,0,53,0,185,124,0,1,0,134,73,11,206,145,84,22,0,156,95,34,228,167
110,43,237,175,0,52,245,184,0,61,255,193,131,69,0,202,140,79,0,212,150,88,26,0,159,98,36,230,168,106,44,0,175,113,51,0,184,122,61,255,193,131,69,7,201,139,77,0,208,147,85,24,218,156,95,33,227,165,103,41,235,173,111,0,244,182,120,59,253,192,0,69,7,201,14
218,152,91,28,222,160,99,37,231,170,108,0,240,0,117,55,249,0,126,64,0,197,135,73,0,206,145,0,21,0,154,92,30,0,162,101,40,234,172,110,48,242,180,118,57,251,189,0,65,0,197,136,75,0,208,0,83,21,216,154,93,31,225,163,102,40,234,173,112,50,244,182,120,59,253
71,4,0,136,74,12,0,145,84,22,216,0,92,30,224,0,100,38,232,0,109,0,242,180,119,57,0,188,126,65,3,197,135,0,11,205,143,81,20,214,153,91,29,223,161,98,37,231,169,107,45,239,177,116,54,248,187,0,62,0,194,132,71,10,0,142,80,18,213,0,90,28,222,161,99,37,232,1
178,111,49,243,181,120,59,253,191,129,68,7,201,0,78,16,210,148,0,0,218,0,0,32,227,0,104,43,0,175,114,52,245,184,122,61,0,192,130,69,7,0,140,78,16,210,148,87,26,220,158,96,34,229,167,0,43,238,176,114,53,247,186,124,62,1,195,0,72,10,205,144,82,20,0,153,0,
37,227,165,103,41,235,172,110,48,242,180,119,57,252,190,129,67,5,199,137,75,12,207,145,84,22,217,154,93,31,226,165,104,42,236,174,112,50,245,183,121,59,253,191,129,67,6,201,140,77,16,210,148,87,25,219,157,96,0,227,165,104,42,237,175,114,52,245,183,121,5
145,78,16,210,0,0,25,219,157,0,34,228,167,105,43,238,176,0,52,246,184,122,60,254,193,0,70,8,203,141,79,17,211,150,88,26,221,159,97,35,228,166,105,43,238,176,115,53,248,186,124,63,0,196,134,72,11,205,143,81,19,214,152,91,29,224,162,101,40,234,172,110,49,
1,190,0,66,5,199,138,76,15,209,147,85,0,218,156,95,33,228,0,103,42,237,175,114,53,247,186,124,62,0,194,132,71,0,203,0,80,19,0,150,88,0,0,159,0,36,229,167,0,44,238,176,115,53,248,0,123,62,0,194,133,71,10,204,142,80,0,212,151,90,29,223,162,100,38,0,171,11
115,49,243,181,0,58,251,0,128,66,0,0,137,75,14,208,146,83,21,215,0,92,30,224,162,101,39,233,0,108,46,240,178,116,0,0,187,126,64,2,0,136,74,12,206,145,83,21,215,0,0,28,222,161,99,0,232,171,109,48,0,180,118,56,249,187,126,65,2,196,135,73,12,206,144,81,19,
228,165,0,0,233,0,110,49,243,181,0,0,250,190,127,64,0,196,135,74,0,206,144,82,20,217,153,92,30,224,0,102,0,235,170,0,49,242,179,119,55,249,189,125,63,1,195,133,0,11,205,144,85,20,214,153,89,27,222,0,97,37,229,168,110,46,240,178,0,0,247,185,123,62,0,193,
73,6,200,139,77,15,0,147,85,23,0,155,93,31,225,163,101,39,0,0,109,47,241,179,117,56,250,189,127,65,0,198,136,74,12,207,145,0,20,214,153,91,28,223,161,99,37,231,169,0,0,238,176,115,53,247,185,123,61,255,193,131,69,0,200,138,76,14,208,0,0,22,216,154,92,30
169,102,40,234,172,110,0,0,180,118,56,250,189,128,66,4,0,136,0,12,207,145,83,21,215,153,91,0,223,161,99,37,231,169,107,45,239,0,116,55,250,188,126,0,1,195,134,72,10,205,143,81,19,213,152,90,28,222,161,99,37,231,169,0,45,239,177,115,53,247,185,123,62,255
9,198,136,74,13,208,147,84,23,218,0,93,32,226,164,103,42,236,0,0,49,243,181,119,57,251,190,128,67,5,0,137,0,13,208,146,0,0,216,154,0,31,225,163,101,39,0,170,108,46,240,177,115,53,0,185,123,61,0,194,132,70,0,203,141,79,17,0,148,86,24,218,156,94,32,0,165,
106,39,234,172,110,0,0,179,117,0,249,187,125,63,0,0,135,73,11,205,144,82,19,0,153,91,29,223,161,99,37,231,168,106,44,238,0,113,51,245,183,120,58,253,191,129,67,5,199,137,75,13,206,144,83,0,215,0,91,0,223,161,99,38,232,0,108,46,240,178,117,0,248,186,124,
197,129,67,5,199,137,0,12,206,144,0,19,0,152,91,29,224,162,100,39,233,172,0,49,243,181,120,59,253,191,129,67,5,199,137,75,13,207,145,83,21,215,153,91,0,0,162,100,38,232,170,108,46,240,178,116,54,0,186,124,62,0,195,133,71,9,203,141,79,17,211,0,87,26,220,
36,225,0,100,38,232,170,109,0,240,178,116,54,249,187,125,0,0,195,134,0,11,206,144,0,20,0,151,89,27,0,158,96,34,228,167,105,43,237,175,113,51,245,183,121,0,252,190,128,66,4,0,135,73,0,205,143,81,19,213,0,88,26,220,0,95,34,229,167,105,43,237,176,114,52,24
59,248,187,125,63,1,196,134,72,10,0,141,79,18,211,150,0,25,219,0,95,33,227,0,102,40,234,173,111,49,243,181,0,56,250,0,127,65,3,197,135,0,11,205,143,0,19,213,0,0,28,222,161,99,37,232,170,108,46,240,178,116,54,248,186,124,62,0,195,133,71,9,203,141,79,17,0
150,83,21,214,152,90,28,222,161,99,37,231,169,107,45,239,177,115,53,246,0,0,60,254,192,131,68,0,201,139,77,15,209,147,86,24,218,157,95,34,0,167,105,44,238,176,114,0,245,183,121,59,253,192,131,69,7,201,139,77,15,209,147,85,23,217,155,93,0,226,0,102,41,23
242,175,113,51,245,183,122,60,254,192,130,68,6,201,139,77,0,208,146,84,0,215,154,92,30,224,162,100,39,233,171,108,46,240,178,116,0,0,186,124,62,0,193,131,69,7,201,139,0,16,210,148,85,23,217,155,93,31,225,164,102,40,235,0,112,50,244,0,119,57,251,0,126,64
74,7,0,141,79,0,210,148,86,24,218,156,94,32,226,164,102,40,235,173,111,49,243,181,119,57,0,190,128,67,0,198,137,75,13,0,146,85,23,218,0,94,32,226,164,102,0,233,171,109,0,242,180,119,58,251,189,127,65,0,196,134,72,0,203,141,79,0,211,149,87,25,219,157,95,
167,100,38,232,0,107,45,0,176,115,53,247,185,123,61,255,193,131,0,7,201,139,0,16,210,148,86,24,218,156,0,31,226,164,102,41,235,173,111,49,243,181,119,57,251,189,128,66,4,199,137,75,13,207,145,83,0,215,153,92,30,224,162,100,38,0,170,108,46,240,178,0,55,2
6,196,133,71,9,203,141,79,18,0,151,89,27,221,159,97,34,228,166,104,0,235,0,112,50,0,182,120,58,252,190,128,66,0,198,137,0,14,208,0,85,22,216,154,92,30,224,163,101,39,233,170,108,46,241,179,117,55,249,188,0,0,2,196,134,72,10,0,141,79,17,211,149,0,25,219,
96,29,224,0,101,39,233,171,109,47,241,0,116,55,249,187,125,63,1,0,132,70,8,202,0,78,16,0,149,87,25,219,158,96,34,228,166,104,0,235,173,111,49,243,181,119,57,251,189,127,65,2,196,134,72,0,203,142,80,19,213,152,90,28,222,0,98,36,230,168,107,44,238,177,115
189,122,0,254,192,130,68,6,200,138,76,14,209,147,85,23,217,155,94,32,226,165,104,0,236,175,0,51,0,182,120,58,252,191,129,67,0,200,138,0,0,210,148,87,25,220,158,96,35,230,168,106,44,238,176,114,0,246,185,123,61,255,193,131,0,7,0,139,77,16,211,149,88,26,2
36,225,163,101,39,0,171,109,48,242,180,119,0,252,190,128,0,4,199,138,76,14,208,146,85,0,0,0,0,33,228,167,105,43,0,176,114,52,246,0,123,61,255,194,132,70,0,201,139,77,15,0,147,86,24,218,157,94,32,227,166,104,43,237,0,114,52,246,184,122,61,255,192,130,0,6
136,69,8,203,0,80,18,212,150,87,26,0,158,96,34,228,166,104,42,0,174,112,0,0,0,120,58,252,190,127,66,4,197,135,73,11,205,143,81,19,213,151,89,0,222,0,0,37,231,169,107,45,239,177,115,53,247,186,124,62,0,195,133,71,9,203,141,0,16,210,148,86,24,0,156,94,32,
160,0,0,226,0,101,39,233,171,109,47,241,179,117,55,249,187,125,63,1,195,133,71,9,203,0,79,18,212,0,87,25,220,157,95,33,227,165,103,41,235,174,0,50,245,183,121,59,254,192,130,68,6,0,138,76,14,208,147,85,23,217,155,93,31,225,163,101,39,233,0,108,46,240,17
250,183,122,60,255,193,131,69,8,0,139,77,15,210,148,87,25,219,157,95,33,228,167,105,43,237,175,0,0,245,0,120,58,252,0,0,67,5,0,136,74,12,206,144,82,0,0,151,89,27,222,160,98,36,230,0,105,44,238,177,115,53,247,186,0,62,0,194,132,70,8,202,0,77,15,0,147,86,
88,21,215,152,90,29,223,160,99,37,0,168,0,0,239,0,115,54,248,186,0,61,255,194,132,70,8,202,140,78,16,210,0,86,24,218,156,94,32,0,0,0,39,233,171,109,47,241,179,117,55,249,188,126,0,2,196,134,72,10,0,142,81,19,213,151,0,28,222,160,98,36,230,168,106,44,238
179,112,50,244,182,120,58,252,190,0,66,0,197,0,73,11,205,144,83,21,214,152,0,28,222,160,99,38,232,170,108,46,240,0,117,55,249,187,126,64,2,196,134,72,9,203,141,0,18,213,152,0,29,223,162,100,39,233,171,109,47,242,180,0,56,250,188,0,63,2,196,134,72,10,205
18,0,145,83,21,216,154,0,30,224,0,100,39,233,171,109,0,241,179,117,55,250,189,127,66,4,199,137,75,13,207,145,83,21,215,153,91,29,223,162,100,38,232,169,108,47,241,179,118,55,0,188,126,64,2,196,134,73,11,205,144,82,20,214,152,90,0,222,160,0,37,0,168,106,
115,48,242,180,118,56,250,188,126,65,3,198,136,74,12,206,143,81,19,213,0,0,27,0,158,96,34,0,166,104,42,0,174,112,0,0,182,120,58,253,191,0,0,5,199,137,75,13,207,0,82,20,214,153,91,29,223,162,100,38,232,170,0,46,241,179,117,55,249,187,126,64,2,196,133,71,
204,137,75,13,207,146,84,22,216,154,92,30,224,162,100,0,231,169,107,45,239,177,115,54,248,186,124,63,1,196,134,72,10,204,142,80,18,212,149,87,26,221,0,0,36,230,168,106,44,238,176,114,52,246,184,122,61,0,194,133,71,10,204,142,80,18,212,149,87,25,219,158,
41,0,169,107,45,239,0,116,54,248,0,124,63,0,194,132,71,10,204,0,81,19,0,0,90,28,222,160,98,36,230,168,107,45,239,177,115,54,247,185,123,61,255,193,131,0,7,201,140,77,16,210,149,87,25,219,157,0,33,227,0,104,42,0,0,113,52,246,184,0,61,0,192,0,70,8,202,140
141,75,13,207,146,85,23,216,155,93,30,225,0,102,40,235,173,111,49,244,0,120,58,251,189,127,65,0,196,0,72,10,204,142,80,18,212,150,88,26,0,157,96,35,228,166,104,42,236,0,113,51,245,0,121,59,253,191,129,67,0,0,0,75,13,207,146,0,22,217,155,94,32,227,165,10
240,0,110,48,243,181,119,57,251,189,127,0,3,0,135,73,11,206,145,82,20,214,153,92,0,224,162,100,38,0,171,109,47,242,0,117,55,249,0,126,65,3,197,135,73,10,204,142,80,0,212,0,89,27,221,0,98,36,230,168,106,45,239,177,115,53,247,185,0,62,0,194,132,70,9,203,1
12,0,0,77,15,209,147,85,23,217,155,93,31,0,163,0,39,232,170,108,46,240,179,117,55,249,0,125,0,1,195,134,0,11,205,144,82,20,214,0,89,27,221,159,96,0,229,167,106,0,239,177,116,0,0,187,126,64,0,0,0,72,11,206,144,83,22,216,154,92,30,224,162,100,38,233,171,1
115,48,0,180,118,56,249,187,125,63,2,196,134,72,10,204,142,80,18,212,150,88,27,220,158,97,35,229,0,104,0,237,176,0,51,246,184,122,60,254,192,130,68,6,200,138,76,14,209,147,86,24,218,156,95,0,226,164,102,40,234,172,109,47,241,0,118,55,249,187,0,0,0,195,0
204,136,74,12,206,144,82,21,215,0,91,29,223,161,98,37,232,170,108,46,240,178,116,54,248,187,125,63,1,195,133,71,8,203,0,79,17,211,149,87,0,0,157,95,0,0,0,105,43,0,174,112,50,0,181,120,58,0,0,129,68,6,200,137,76,0,209,0,85,24,218,156,94,32,225,164,103,42
229,162,0,38,232,170,107,45,239,177,116,54,249,187,124,62,0,194,132,70,9,204,141,80,18,0,151,89,0,221,159,97,35,229,168,106,45,239,177,115,54,248,0,125,63,1,0,133,72,10,204,142,80,0,211,149,87,25,220,158,0,35,229,167,106,44,238,176,114,52,0,183,121,59,2
201,140,74,12,206,144,83,21,215,153,91,0,0,164,100,38,232,170,109,47,241,179,117,55,249,189,125,63,1,0,134,73,11,205,143,82,20,216,152,89,28,0,159,98,38,230,169,109,45,239,179,0,53,249,184,123,61,255,193,131,69,7,0,140,78,19,210,148,87,24,218,157,93,0,2
41,230,168,106,44,238,176,114,52,246,184,122,60,254,192,130,68,0,201,139,77,15,209,147,0,24,218,156,94,32,226,164,102,41,235,173,111,0,243,181,119,57,250,189,127,65,3,197,135,73,0,204,142,80,18,212,150,0,25,220,0,95,33,227,165,103,41,234,173,111,49,243,
131,64,2,196,134,72,9,204,0,80,18,212,152,89,27,222,159,0,35,229,167,106,44,0,175,0,52,246,185,122,60,254,192,129,67,5,199,137,0,12,206,144,82,0,215,153,91,29,223,0,99,0,231,170,108,0,240,178,0,55,249,187,0,64,0,198,136,74,13,207,145,0,22,215,153,91,29,
228,159,0,35,230,168,107,44,239,177,115,53,247,185,123,61,255,193,130,68,0,201,139,77,15,209,147,85,23,217,155,93,31,0,163,102,40,234,171,109,47,242,180,118,56,250,187,125,63,1,195,133,72,10,204,0,81,19,213,151,90,28,222,160,98,36,0,168,106,44,0,175,113
60,249,187,125,63,1,195,133,71,9,202,140,78,16,210,148,86,24,218,156,94,33,227,165,103,41,235,173,111,49,243,181,119,57,251,189,127,65,3,197,0,74,12,207,145,0,21,215,153,90,28,222,160,0,36,230,175,108,46,240,0,115,54,247,0,122,61,0,193,132,70,8,203,141,
81,14,208,145,83,21,215,0,90,28,222,0,98,36,231,169,107,45,239,177,0,52,246,184,122,60,254,192,130,68,6,200,138,76,14,208,146,0,23,217,0,93,32,226,164,102,40,0,173,0,48,243,181,118,57,0,190,128,67,5,199,137,75,13,207,145,83,21,0,152,90,0,222,160,98,36,2
98,32,226,0,102,40,234,173,0,49,244,182,120,0,0,190,129,67,5,199,138,75,13,208,146,84,22,216,154,92,30,0,161,100,38,233,171,0,0,242,180,118,56,251,189,127,66,4,199,0,74,13,208,146,85,24,0,156,94,32,226,163,101,39,233,170,109,47,241,179,118,56,250,188,12
194,0,65,3,197,136,74,12,207,145,83,0,0,153,91,29,223,0,99,0,231,169,107,0,239,0,115,53,247,0,124,61,255,193,131,69,7,0,138,76,14,208,146,84,23,217,155,93,31,0,163,101,0,232,170,108,46,240,178,116,54,248,186,124,62,0,194,132,70,8,202,140,78,16,210,148,8
25,214,152,91,29,0,160,98,36,230,0,0,45,239,177,115,0,248,185,123,61,255,194,132,70,8,202,140,78,16,0,147,85,23,217,155,93,31,225,163,102,40,234,172,110,48,242,180,118,56,250,188,127,64,2,196,134,0,9,203,141,79,18,212,0,87,25,219,0,94,32,226,0,101,0,234
43,232,170,108,46,240,178,116,0,247,186,124,62,0,194,132,70,9,203,141,79,17,211,149,87,25,0,157,95,33,228,167,105,42,236,174,113,51,0,0,121,59,253,191,0,66,4,198,136,74,13,207,145,83,0,214,153,90,28,222,161,99,38,232,170,108,47,241,179,117,55,249,187,12
136,69,7,0,0,78,0,209,148,86,24,218,157,95,33,0,165,103,41,235,0,111,49,243,181,120,0,0,191,129,67,5,199,137,75,13,207,145,83,21,215,153,92,30,224,163,101,0,232,171,109,46,0,0,0,55,249,187,125,63,1,195,134,72,10,204,142,80,18,212,150,88,25,219,157,95,34
