Time;SPI (1,2,3,4)
0,000037365; (49);
0,000040465; (169);
0,000043555; (170);
0,000172240; (49);
0,000175355; (228);
0,000178480; (110);
0,000307430; (49);
0,000310540; (228);
0,000313650; (60);
0,000442570; (49);
0,000445675; (196);
0,000448775; (93);
0,000577760; (49);
0,000580855; (194);
0,000583950; (126);
0,000712720; (49);
0,000715820; (70);
0,000718910; (62);
0,000847630; (49);
0,000850755; (96);
0,000853890; (161);
0,000983230; (49);
0,000986330; (121);
0,000989440; (206);
0,001118535; (49);
0,001121645; (8);
0,001124745; (212);
0,001253400; (49);
0,001256510; (166);
0,001259610; (142);
0,001388110; (49);
0,001391220; (131);
0,001394320; (202);
0,001522900; (49);
0,001526000; (138);
0,001529090; (19);
0,001657665; (49);
0,001660760; (136);
0,001663850; (35);
0,001792750; (49);
0,001795875; (45);
0,001799000; (202);
0,001927925; (49);
0,001931030; (22);
0,001934120; (184);
0,002062995; (49);
0,002066095; (165);
0,002069200; (232);
0,002197990; (49);
0,002201090; (153);
0,002204195; (170);
0,002332990; (49);
0,002336085; (141);
0,002339185; (83);
0,002467315; (49);
0,002470390; (163);
0,002473475; (65);
0,002601685; (49);
0,002604765; (100);
0,002607840; (58);
0,002735965; (49);
0,002739085; (129);
0,002742205; (178);
0,002871485; (49);
0,002874595; (212);
0,002877700; (178);
0,003006695; (49);
0,003009795; (144);
0,003012895; (113);
0,003141900; (49);
0,003144995; (114);
0,003148095; (106);
0,003276950; (49);
0,003280055; (27);
0,003283145; (26);
0,003412045; (49);
0,003415165; (168);
0,003418280; (188);
0,003547065; (49);
0,003550175; (228);
0,003553275; (57);
0,003682445; (49);
0,003685575; (142);
0,003688700; (41);
0,003817755; (49);
0,003820855; (77);
0,003823955; (9);
0,003952590; (49);
0,003955680; (193);
0,003958775; (68);
0,004086425; (49);
0,004089500; (205);
0,004092575; (66);
0,004220755; (49);
0,004223830; (227);
0,004226910; (210);
0,004355055; (49);
0,004358170; (191);
0,004361290; (214);
0,004490785; (49);
0,004493890; (174);
0,004497015; (147);
0,004626365; (49);
0,004629475; (86);
0,004632585; (253);
0,004761285; (49);
0,004764380; (0);
0,004767470; (0);
0,004896085; (49);
0,004899185; (142);
0,004902275; (40);
0,005030815; (49);
0,005033915; (227);
0,005037020; (182);
0,005165480; (49);
0,005168565; (103);
0,005171660; (175);
0,005300285; (49);
0,005303400; (74);
0,005306535; (101);
0,005436480; (49);
0,005439600; (20);
0,005442725; (65);
0,005572320; (49);
0,005575445; (150);
0,005578560; (183);
0,005707305; (49);
0,005710395; (147);
0,005713485; (149);
0,005842295; (49);
0,005845385; (148);
0,005848475; (215);
0,005977130; (49);
0,005980230; (173);
0,005983330; (143);
0,006111925; (49);
0,006115015; (178);
0,006118100; (24);
0,006246830; (49);
0,006249965; (180);
0,006253090; (72);
0,006382900; (49);
0,006386020; (149);
0,006389140; (224);
0,006518325; (49);
0,006521435; (192);
0,006524535; (114);
0,006653070; (49);
0,006656170; (167);
0,006659260; (157);
0,006788050; (49);
0,006791140; (139);
0,006794230; (254);
0,006922775; (49);
0,006925875; (71);
0,006928980; (71);
0,007057545; (49);
0,007060625; (108);
0,007063705; (123);
0,007192275; (49);
0,007195405; (111);
0,007198525; (194);
0,007328300; (49);
0,007331435; (84);
0,007334545; (238);
0,007464005; (49);
0,007467115; (154);
0,007470215; (81);
0,007599485; (49);
0,007602595; (169);
0,007605695; (83);
0,007734905; (49);
0,007738005; (89);
0,007741105; (113);
0,007870005; (49);
0,007873105; (75);
0,007876205; (251);
0,008005080; (49);
0,008008175; (109);
0,008011265; (120);
0,008140015; (49);
0,008143150; (129);
0,008146285; (74);
0,008276085; (49);
0,008279205; (159);
0,008282340; (9);
0,008412155; (49);
0,008415290; (207);
0,008418400; (6);
0,008547250; (49);
0,008550355; (73);
0,008553455; (233);
0,008682195; (49);
0,008685290; (103);
0,008688380; (5);
0,008817035; (49);
0,008820130; (95);
0,008823230; (118);
0,008951705; (49);
0,008954805; (84);
0,008957895; (67);
0,009086690; (49);
0,009089805; (119);
0,009092930; (205);
0,009221725; (49);
0,009224820; (0);
0,009227905; (210);
0,009356460; (49);
0,009359565; (156);
0,009362675; (157);
0,009490835; (49);
0,009493915; (88);
0,009497005; (13);
0,009625440; (49);
0,009628520; (9);
0,009631600; (97);
0,009760000; (49);
0,009763100; (113);
0,009766190; (70);
0,009894980; (49);
0,009898080; (164);
0,009901180; (46);
0,010030200; (49);
0,010033345; (124);
0,010036480; (46);
0,010166240; (49);
0,010169355; (108);
0,010172480; (96);
0,010301690; (49);
0,010304790; (91);
0,010307905; (162);
0,010436420; (49);
0,010439520; (105);
0,010442610; (175);
0,010571420; (49);
0,010574510; (91);
0,010577600; (127);
0,010706240; (49);
0,010709335; (25);
0,010712425; (162);
0,010840975; (49);
0,010844070; (150);
0,010847160; (220);
0,010975850; (49);
0,010978970; (228);
0,010982105; (126);
0,011111945; (49);
0,011115080; (109);
0,011118200; (42);
0,011247450; (49);
0,011250560; (131);
0,011253665; (176);
0,011382725; (49);
0,011385825; (130);
0,011388935; (169);
0,011517870; (49);
0,011520960; (136);
0,011524050; (168);
0,011652570; (49);
0,011655670; (100);
0,011658770; (78);
0,011787315; (49);
0,011790410; (191);
0,011793505; (51);
0,011922400; (49);
0,011925545; (135);
0,011928660; (98);
0,012057670; (49);
0,012060770; (50);
0,012063870; (232);
0,012192655; (49);
0,012195755; (166);
0,012198855; (234);
0,012327365; (49);
0,012330465; (68);
0,012333555; (118);
0,012462180; (49);
0,012465275; (84);
0,012468370; (136);
0,012596990; (49);
0,012600110; (78);
0,012603225; (32);
0,012732040; (49);
0,012735145; (100);
0,012738235; (45);
0,012867425; (49);
0,012870555; (100);
0,012873695; (59);
0,013002695; (49);
0,013005795; (26);
0,013008895; (17);
0,013137850; (49);
0,013140940; (161);
0,013144030; (251);
0,013272675; (49);
0,013275765; (218);
0,013278855; (235);
0,013407555; (49);
0,013410645; (187);
0,013413735; (158);
0,013542470; (49);
0,013545590; (207);
0,013548720; (219);
0,013677770; (49);
0,013680880; (228);
0,013683985; (98);
0,013813080; (49);
0,013816190; (96);
0,013819290; (89);
0,013948030; (49);
0,013951125; (210);
0,013954220; (110);
0,014082720; (49);
0,014085825; (122);
0,014088915; (50);
0,014216675; (49);
0,014219750; (121);
0,014222825; (164);
0,014350850; (49);
0,014353925; (215);
0,014357010; (199);
0,014485305; (49);
0,014488425; (174);
0,014491535; (50);
0,014621040; (49);
0,014624160; (75);
0,014627270; (208);
0,014756495; (49);
0,014759605; (95);
0,014762715; (79);
0,014891985; (49);
0,014895095; (184);
0,014898195; (70);
0,015027270; (49);
0,015030370; (71);
0,015033470; (67);
0,015162435; (49);
0,015165535; (204);
0,015168635; (175);
0,015297500; (49);
0,015300590; (158);
0,015303680; (113);
0,015432505; (49);
0,015435640; (72);
0,015438760; (154);
0,015567690; (49);
0,015570790; (115);
0,015573895; (34);
0,015702690; (49);
0,015705785; (157);
0,015708885; (33);
0,015837555; (49);
0,015840650; (205);
0,015843740; (78);
0,015972450; (49);
0,015975550; (100);
0,015978640; (200);
0,016107245; (49);
0,016110345; (115);
0,016113455; (114);
0,016242025; (49);
0,016245125; (191);
0,016248220; (135);
0,016377090; (49);
0,016380220; (147);
0,016383340; (22);
0,016512280; (49);
0,016515385; (58);
0,016518485; (225);
0,016647430; (49);
0,016650525; (104);
0,016653615; (53);
0,016782305; (49);
0,016785405; (142);
0,016788505; (11);
0,016917115; (49);
0,016920205; (100);
0,016923295; (252);
0,017051925; (49);
0,017055045; (124);
0,017058155; (6);
0,017186810; (49);
0,017189910; (187);
0,017193000; (34);
0,017321595; (49);
0,017324715; (193);
0,017327830; (55);
0,017456485; (49);
0,017459575; (164);
0,017462665; (90);
0,017591040; (49);
0,017594145; (65);
0,017597245; (184);
0,017725820; (49);
0,017728920; (99);
0,017732020; (135);
0,017860540; (49);
0,017863625; (139);
0,017866710; (168);
0,017995100; (49);
0,017998220; (59);
0,018001345; (179);
0,018130495; (49);
0,018133595; (64);
0,018136695; (66);
0,018265570; (49);
0,018268665; (0);
0,018271760; (140);
0,018400570; (49);
0,018403670; (148);
0,018406760; (56);
0,018535470; (49);
0,018538565; (156);
0,018541660; (247);
0,018670400; (49);
0,018673500; (151);
0,018676605; (203);
0,018805195; (49);
0,018808275; (53);
0,018811360; (104);
0,018939740; (49);
0,018942860; (118);
0,018945980; (109);
0,019075005; (49);
0,019078105; (142);
0,019081205; (143);
0,019210065; (49);
0,019213165; (0);
0,019216255; (0);
0,019344215; (49);
0,019347305; (0);
0,019350385; (0);
0,019478715; (49);
0,019481800; (134);
0,019484890; (223);
0,019613445; (49);
0,019616565; (228);
0,019619695; (177);
0,019748820; (49);
0,019751920; (86);
0,019755020; (149);
0,019883940; (49);
0,019887040; (107);
0,019890140; (232);
0,020018660; (49);
0,020021755; (164);
0,020024845; (158);
0,020153475; (49);
0,020156570; (187);
0,020159665; (197);
0,020288300; (49);
0,020291390; (92);
0,020294480; (179);
0,020423230; (49);
0,020426325; (55);
0,020429415; (62);
0,020558110; (49);
0,020561245; (186);
0,020564360; (47);
0,020693430; (49);
0,020696530; (228);
0,020699635; (134);
0,020828700; (49);
0,020831805; (141);
0,020834905; (239);
0,020963835; (49);
0,020966935; (155);
0,020970025; (144);
0,021098805; (49);
0,021101905; (76);
0,021104995; (31);
0,021233725; (49);
0,021236835; (161);
0,021239945; (68);
0,021368515; (49);
0,021371610; (158);
0,021374700; (6);
0,021503370; (49);
0,021506505; (174);
0,021509640; (153);
0,021638735; (49);
0,021641845; (202);
0,021644945; (107);
0,021774090; (49);
0,021777180; (102);
0,021780280; (0);
0,021909080; (49);
0,021912185; (94);
0,021915285; (172);
0,022044215; (49);
0,022047315; (164);
0,022050415; (28);
0,022179310; (49);
0,022182415; (189);
0,022185525; (43);
0,022314515; (49);
0,022317615; (182);
0,022320715; (45);
0,022449760; (49);
0,022452895; (105);
0,022456015; (21);
0,022584705; (49);
0,022587795; (114);
0,022590885; (175);
0,022719345; (49);
0,022722435; (148);
0,022725525; (156);
0,022853255; (49);
0,022856330; (162);
0,022859400; (24);
0,022987580; (49);
0,022990655; (210);
0,022993735; (23);
0,023122030; (49);
0,023125140; (227);
0,023128260; (157);
0,023257660; (49);
0,023260765; (72);
0,023263870; (3);
0,023393075; (49);
0,023396185; (148);
0,023399290; (223);
0,023528205; (49);
0,023531305; (172);
0,023534395; (146);
0,023663175; (49);
0,023666270; (177);
0,023669365; (242);
0,023797900; (49);
0,023801000; (218);
0,023804100; (56);
0,023932520; (49);
0,023935605; (166);
0,023938685; (74);
0,024067105; (49);
0,024070235; (159);
0,024073355; (219);
0,024203330; (49);
0,024206450; (149);
0,024209570; (162);
0,024338705; (49);
0,024341805; (69);
0,024344915; (93);
0,024473630; (49);
0,024476725; (177);
0,024479815; (234);
0,024608390; (49);
0,024611490; (98);
0,024614580; (247);
0,024743350; (49);
0,024746450; (187);
0,024749560; (71);
0,024878115; (49);
0,024881200; (129);
0,024884280; (141);
0,025012795; (49);
0,025015905; (95);
0,025019040; (237);
0,025147925; (49);
0,025151025; (134);
0,025154125; (225);
0,025283170; (49);
0,025286270; (141);
0,025289360; (227);
0,025418260; (49);
0,025421360; (172);
0,025424460; (28);
0,025553395; (49);
0,025556500; (161);
0,025559600; (119);
0,025688640; (49);
0,025691775; (197);
0,025694895; (175);
0,025823820; (49);
0,025826920; (154);
0,025830020; (201);
0,025959090; (49);
0,025962240; (153);
0,025965360; (139);
0,026094420; (49);
0,026097510; (150);
0,026100610; (243);
0,026229505; (49);
0,026232605; (170);
0,026235705; (158);
0,026363685; (49);
0,026366765; (171);
0,026369840; (46);
0,026497950; (49);
0,026501025; (195);
0,026504105; (155);
0,026632375; (49);
0,026635495; (226);
0,026638620; (48);
0,026767905; (49);
0,026771010; (138);
0,026774110; (213);
0,026903360; (49);
0,026906460; (152);
0,026909570; (155);
0,027038505; (49);
0,027041605; (128);
0,027044695; (221);
0,027173605; (49);
0,027176705; (116);
0,027179805; (133);
0,027307810; (49);
0,027310880; (129);
0,027313965; (68);
0,027442065; (49);
0,027445150; (143);
0,027448220; (161);
0,027576470; (49);
0,027579590; (189);
0,027582700; (53);
0,027712080; (49);
0,027715190; (77);
0,027718300; (36);
0,027847225; (49);
0,027850325; (116);
0,027853415; (179);
0,027982330; (49);
0,027985435; (169);
0,027988535; (126);
0,028117465; (49);
0,028120570; (138);
0,028123665; (76);
0,028252575; (49);
0,028255680; (150);
0,028258805; (219);
0,028387735; (49);
0,028390840; (200);
0,028393940; (107);
0,028523000; (49);
0,028526130; (114);
0,028529270; (28);
0,028658420; (49);
0,028661520; (97);
0,028664630; (254);
0,028793345; (49);
0,028796445; (167);
0,028799545; (169);
0,028927590; (49);
0,028930665; (225);
0,028933740; (163);
0,029061895; (49);
0,029064970; (127);
0,029068050; (248);
0,029196205; (49);
0,029199315; (101);
0,029202435; (135);
0,029331865; (49);
0,029334970; (162);
0,029338075; (222);
0,029467175; (49);
0,029470285; (126);
0,029473395; (218);
0,029602210; (49);
0,029605310; (164);
0,029608405; (219);
0,029737285; (49);
0,029740385; (224);
0,029743480; (243);
0,029871455; (49);
0,029874535; (123);
0,029877610; (2);
0,030005715; (49);
0,030008790; (83);
0,030011865; (36);
0,030140005; (49);
0,030143115; (153);
0,030146235; (92);
0,030275735; (49);
0,030278845; (175);
0,030281970; (78);
0,030411200; (49);
0,030414300; (187);
0,030417410; (102);
0,030546500; (49);
0,030549610; (186);
0,030552720; (4);
0,030681565; (49);
0,030684660; (180);
0,030687755; (57);
0,030816510; (49);
0,030819600; (182);
0,030822700; (1);
0,030951370; (49);
0,030954465; (100);
0,030957555; (247);
0,031086430; (49);
0,031089565; (132);
0,031092695; (227);
0,031222435; (49);
0,031225545; (188);
0,031228645; (115);
0,031358010; (49);
0,031361120; (208);
0,031364220; (214);
0,031493320; (49);
0,031496420; (212);
0,031499530; (238);
0,031628300; (49);
0,031631395; (217);
0,031634490; (2);
0,031762970; (49);
0,031766065; (212);
0,031769155; (178);
0,031897715; (49);
0,031900810; (209);
0,031903905; (47);
0,032032730; (49);
0,032035850; (113);
0,032038985; (17);
0,032167830; (49);
0,032170920; (44);
0,032174010; (3);
0,032302780; (49);
0,032305870; (194);
0,032308960; (16);
0,032437445; (49);
0,032440540; (223);
0,032443630; (220);
0,032572190; (49);
0,032575290; (223);
0,032578380; (172);
0,032707055; (49);
0,032710190; (95);
0,032713310; (211);
0,032842155; (49);
0,032845255; (43);
0,032848355; (207);
0,032977445; (49);
0,032980565; (0);
0,032983690; (0);
0,033112835; (49);
0,033115945; (132);
0,033119055; (141);
0,033247890; (49);
0,033250980; (223);
0,033254075; (244);
0,033382565; (49);
0,033385665; (147);
0,033388755; (199);
0,033517535; (49);
0,033520625; (165);
0,033523720; (168);
0,033652440; (49);
0,033655575; (101);
0,033658705; (236);
0,033787845; (49);
0,033790955; (130);
0,033794060; (85);
0,033923300; (49);
0,033926405; (208);
0,033929505; (57);
0,034058370; (49);
0,034061470; (114);
0,034064560; (55);
0,034193180; (49);
0,034196270; (86);
0,034199360; (252);
0,034327905; (49);
0,034331005; (121);
0,034334095; (169);
0,034462605; (49);
0,034465695; (161);
0,034468775; (69);
0,034597330; (49);
0,034600470; (135);
0,034603590; (207);
0,034733060; (49);
0,034736160; (101);
0,034739265; (144);
0,034868355; (49);
0,034871465; (126);
0,034874575; (248);
0,035003380; (49);
0,035006480; (166);
0,035009580; (246);
0,035138300; (49);
0,035141390; (207);
0,035144495; (61);
0,035272560; (49);
0,035275640; (194);
0,035278710; (212);
0,035406815; (49);
0,035409890; (101);
0,035412965; (204);
0,035541100; (49);
0,035544220; (128);
0,035547330; (126);
0,035676830; (49);
0,035679940; (189);
0,035683045; (22);
0,035812050; (49);
0,035815150; (178);
0,035818250; (135);
0,035947220; (49);
0,035950325; (170);
0,035953425; (154);
0,036082125; (49);
0,036085225; (86);
0,036088315; (193);
0,036217080; (49);
0,036220180; (218);
0,036223290; (93);
0,036351735; (49);
0,036354815; (91);
0,036357900; (248);
0,036486235; (49);
0,036489355; (98);
0,036492455; (18);
0,036621220; (49);
0,036624325; (173);
0,036627425; (76);
0,036755910; (49);
0,036759010; (166);
0,036762100; (46);
0,036890580; (49);
0,036893680; (148);
0,036896770; (28);
0,037025385; (49);
0,037028485; (156);
0,037031575; (74);
0,037160310; (49);
0,037163450; (140);
0,037166585; (74);
0,037296385; (49);
0,037299515; (144);
0,037302625; (57);
0,037432075; (49);
0,037435185; (136);
0,037438295; (17);
0,037566940; (49);
0,037570040; (44);
0,037573130; (144);
0,037701680; (49);
0,037704780; (183);
0,037707890; (23);
0,037835945; (49);
0,037839025; (218);
0,037842100; (83);
0,037970295; (49);
0,037973370; (49);
0,037976440; (188);
0,038104560; (49);
0,038107695; (120);
0,038110805; (160);
0,038240090; (49);
0,038243205; (169);
0,038246305; (251);
0,038375405; (49);
0,038378510; (169);
0,038381610; (93);
0,038510550; (49);
0,038513650; (61);
0,038516750; (221);
0,038645595; (49);
0,038648685; (81);
0,038651780; (143);
0,038780435; (49);
0,038783535; (135);
0,038786635; (63);
0,038915160; (49);
0,038918240; (145);
0,038921330; (189);
0,039049795; (49);
0,039052905; (159);
0,039056040; (62);
0,039184970; (49);
0,039188070; (155);
0,039191170; (141);
0,039320075; (49);
0,039323175; (199);
0,039326275; (22);
0,039454235; (49);
0,039457315; (93);
0,039460400; (29);
0,039588855; (49);
0,039591940; (144);
0,039595020; (22);
0,039723460; (49);
0,039726590; (101);
0,039729725; (112);
0,039859505; (49);
0,039862625; (129);
0,039865735; (117);
0,039995345; (49);
0,039998455; (188);
0,040001565; (122);
0,040130485; (49);
0,040133585; (87);
0,040136685; (222);
0,040265510; (49);
0,040268620; (106);
0,040271730; (127);
0,040399830; (49);
0,040402910; (115);
0,040405985; (14);
0,040534095; (49);
0,040537170; (38);
0,040540255; (57);
0,040668535; (49);
0,040671645; (187);
0,040674780; (156);
0,040804275; (49);
0,040807395; (158);
0,040810500; (222);
0,040939495; (49);
0,040942595; (142);
0,040945695; (82);
0,041074490; (49);
0,041077590; (191);
0,041080695; (76);
0,041209645; (49);
0,041212735; (184);
0,041215835; (178);
0,041344640; (49);
0,041347740; (175);
0,041350845; (7);
0,041479765; (49);
0,041482860; (161);
0,041485950; (211);
0,041614820; (49);
0,041617950; (70);
0,041621075; (78);
0,041750015; (49);
0,041753120; (198);
0,041756220; (177);
0,041885160; (49);
0,041888255; (204);
0,041891345; (93);
0,042020050; (49);
0,042023140; (51);
0,042026245; (195);
0,042154860; (49);
0,042157950; (172);
0,042161040; (164);
0,042289670; (49);
0,042292790; (184);
0,042295905; (110);
0,042424710; (49);
0,042427815; (221);
0,042430915; (255);
0,042560030; (49);
0,042563150; (180);
0,042566275; (91);
0,042695280; (49);
0,042698380; (82);
0,042701480; (250);
0,042830120; (49);
0,042833225; (122);
0,042836325; (248);
0,042964160; (49);
0,042967235; (200);
0,042970310; (135);
0,043098495; (49);
0,043101570; (178);
0,043104650; (113);
0,043232920; (49);
0,043236045; (94);
0,043239155; (38);
0,043368660; (49);
0,043371765; (75);
0,043374890; (71);
0,043504175; (49);
0,043507285; (146);
0,043510395; (203);
0,043638270; (49);
0,043641350; (98);
0,043644425; (114);
0,043772615; (49);
0,043775700; (97);
0,043778780; (66);
0,043907070; (49);
0,043910175; (160);
0,043913275; (226);
0,044041980; (49);
0,044045075; (177);
0,044048170; (215);
0,044176945; (49);
0,044180050; (128);
0,044183160; (174);
0,044311855; (49);
0,044314960; (38);
0,044318050; (158);
0,044446420; (49);
0,044449525; (111);
0,044452625; (162);
0,044581195; (49);
0,044584300; (92);
0,044587400; (91);
0,044715940; (49);
0,044719030; (91);
0,044722125; (211);
0,044850980; (49);
0,044854120; (12);
0,044857240; (219);
0,044986515; (49);
0,044989625; (164);
0,044992735; (205);
0,045121820; (49);
0,045124930; (222);
0,045128030; (40);
0,045256285; (49);
0,045259375; (218);
0,045262460; (117);
0,045390920; (49);
0,045394000; (221);
0,045397090; (203);
0,045525455; (49);
0,045528545; (93);
0,045531635; (252);
0,045660200; (49);
0,045663300; (199);
0,045666390; (66);
0,045795070; (49);
0,045798200; (221);
0,045801340; (138);
0,045930495; (49);
0,045933595; (113);
0,045936705; (210);
0,046065700; (49);
0,046068805; (81);
0,046071905; (107);
0,046200870; (49);
0,046203970; (81);
0,046207070; (51);
0,046335990; (49);
0,046339080; (15);
0,046342175; (231);
0,046470860; (49);
0,046473960; (128);
0,046477050; (159);
0,046605590; (49);
0,046608680; (129);
0,046611760; (31);
0,046740195; (49);
0,046743320; (141);
0,046746430; (237);
0,046875285; (49);
0,046878380; (173);
0,046881470; (76);
0,047009980; (49);
0,047013080; (148);
0,047016180; (149);
0,047144195; (49);
0,047147280; (160);
0,047150350; (142);
0,047278390; (49);
0,047281460; (81);
0,047284535; (184);
0,047412670; (49);
0,047415790; (115);
0,047418910; (90);
0,047548390; (49);
0,047551500; (163);
0,047554625; (195);
0,047683690; (49);
0,047686785; (150);
0,047689880; (199);
0,047818535; (49);
0,047821625; (50);
0,047824715; (230);
0,047953355; (49);
0,047956455; (59);
0,047959545; (109);
0,048088225; (49);
0,048091315; (137);
0,048094415; (149);
0,048222880; (49);
0,048225965; (157);
0,048229045; (213);
0,048357525; (49);
0,048360650; (55);
0,048363770; (58);
0,048492695; (49);
0,048495785; (102);
0,048498885; (84);
0,048627755; (49);
0,048630855; (157);
0,048633950; (1);
0,048762875; (49);
0,048765975; (198);
0,048769075; (6);
0,048897925; (49);
0,048901035; (105);
0,048904135; (12);
0,049033125; (49);
0,049036245; (137);
0,049039380; (43);
0,049168445; (49);
0,049171545; (196);
0,049174655; (63);
0,049303895; (49);
0,049307000; (109);
0,049310110; (230);
0,049438775; (49);
0,049441885; (83);
0,049444975; (104);
0,049573490; (49);
0,049576590; (117);
0,049579690; (116);
0,049707440; (49);
0,049710525; (131);
0,049713600; (133);
0,049841870; (49);
0,049844940; (93);
0,049848015; (205);
0,049976300; (49);
0,049979425; (0);
0,049982545; (0);
0,050112045; (49);
0,050115150; (132);
0,050118275; (249);
0,050247650; (49);
0,050250750; (208);
0,050253860; (162);
0,050382950; (49);
0,050386055; (155);
0,050389165; (216);
0,050518245; (49);
0,050521345; (161);
0,050524445; (17);
0,050653410; (49);
0,050656505; (191);
0,050659605; (192);
0,050788550; (49);
0,050791650; (93);
0,050794740; (73);
0,050923865; (49);
0,050927000; (119);
0,050930120; (15);
0,051059185; (49);
0,051062295; (117);
0,051065405; (208);
0,051194520; (49);
0,051197630; (93);
0,051200730; (89);
0,051329475; (49);
0,051332575; (163);
0,051335665; (81);
0,051464330; (49);
0,051467440; (118);
0,051470550; (37);
0,051598610; (49);
0,051601685; (94);
0,051604755; (74);
0,051732835; (49);
0,051735905; (122);
0,051738985; (40);
0,051867055; (49);
0,051870165; (170);
0,051873290; (58);
0,052002185; (49);
0,052005290; (216);
0,052008380; (41);
0,052136905; (49);
0,052140010; (206);
0,052143105; (167);
0,052270800; (49);
0,052273870; (103);
0,052276945; (161);
0,052404870; (49);
0,052407935; (80);
0,052411010; (59);
0,052538945; (49);
0,052542050; (117);
0,052545170; (17);
0,052674660; (49);
0,052677775; (127);
0,052680895; (20);
0,052809870; (49);
0,052812965; (129);
0,052816065; (110);
0,052944870; (49);
0,052947970; (191);
0,052951060; (254);
0,053080005; (49);
0,053083105; (221);
0,053086205; (136);
0,053214990; (49);
0,053218095; (178);
0,053221195; (237);
0,053350160; (49);
0,053353265; (161);
0,053356355; (83);
0,053485300; (49);
0,053488400; (70);
0,053491500; (153);
0,053620270; (49);
0,053623370; (65);
0,053626460; (103);
0,053754945; (49);
0,053758045; (110);
0,053761135; (87);
0,053888875; (49);
0,053891950; (131);
0,053895020; (50);
0,054022900; (49);
0,054025985; (137);
0,054029055; (174);
0,054157195; (49);
0,054160305; (187);
0,054163440; (94);
0,054292705; (49);
0,054295815; (215);
0,054298925; (188);
0,054427890; (49);
0,054430990; (181);
0,054434090; (140);
0,054562870; (49);
0,054565965; (157);
0,054569065; (27);
0,054697930; (49);
0,054701020; (150);
0,054704110; (33);
0,054832775; (49);
0,054835875; (76);
0,054838970; (186);
0,054967515; (49);
0,054970610; (129);
0,054973700; (224);
0,055102370; (49);
0,055105515; (201);
0,055108630; (30);
0,055237575; (49);
0,055240675; (48);
0,055243775; (146);
0,055372560; (49);
0,055375670; (69);
0,055378770; (59);
0,055506860; (49);
0,055509945; (88);
0,055513015; (222);
0,055641125; (49);
0,055644200; (2);
0,055647280; (57);
0,055775605; (49);
0,055778730; (152);
0,055781855; (194);
0,055911330; (49);
0,055914450; (127);
0,055917555; (205);
0,056046875; (49);
0,056049975; (106);
0,056053085; (178);
0,056181620; (49);
0,056184720; (122);
0,056187810; (217);
0,056316615; (49);
0,056319710; (136);
0,056322800; (4);
0,056451355; (49);
0,056454455; (158);
0,056457555; (191);
0,056586070; (49);
0,056589160; (141);
0,056592255; (68);
0,056720955; (49);
0,056724085; (131);
0,056727215; (185);
0,056856295; (49);
0,056859405; (140);
0,056862515; (75);
0,056991565; (49);
0,056994670; (128);
0,056997765; (215);
0,057126695; (49);
0,057129785; (221);
0,057132885; (90);
0,057261660; (49);
0,057264755; (221);
0,057267845; (44);
0,057396390; (49);
0,057399490; (210);
0,057402590; (243);
0,057531075; (49);
0,057534155; (189);
0,057537240; (213);
0,057665795; (49);
0,057668915; (96);
0,057672040; (101);
0,057801450; (49);
0,057804550; (93);
0,057807660; (46);
0,057936750; (49);
0,057939860; (136);
0,057942970; (107);
0,058071630; (49);
0,058074720; (197);
0,058077810; (184);
0,058206450; (49);
0,058209545; (152);
0,058212635; (75);
0,058341355; (49);
0,058344465; (169);
0,058347565; (78);
0,058476145; (49);
0,058479240; (125);
0,058482335; (144);
0,058610925; (49);
0,058614045; (131);
0,058617155; (49);
0,058745850; (49);
0,058748950; (198);
0,058752040; (224);
0,058880410; (49);
0,058883500; (94);
0,058886600; (88);
0,059015190; (49);
0,059018290; (125);
0,059021390; (243);
0,059149905; (49);
0,059152995; (208);
0,059156085; (95);
0,059284970; (49);
0,059288090; (100);
0,059291235; (62);
0,059420900; (49);
0,059424010; (94);
0,059427110; (29);
0,059556420; (49);
0,059559520; (162);
0,059562630; (49);
0,059691290; (49);
0,059694380; (120);
0,059697470; (56);
0,059826130; (49);
0,059829230; (106);
0,059832320; (58);
0,059960290; (49);
0,059963380; (160);
0,059966460; (183);
0,060094935; (49);
0,060098020; (149);
0,060101100; (12);
0,060229490; (49);
0,060232625; (48);
0,060235735; (19);
0,060364875; (49);
0,060367975; (94);
0,060371075; (187);
0,060500065; (49);
0,060503165; (107);
0,060506265; (87);
0,060635175; (49);
0,060638270; (92);
0,060641365; (120);
0,060770060; (49);
0,060773160; (109);
0,060776250; (96);
0,060904885; (49);
0,060907995; (168);
0,060911115; (201);
0,061039900; (49);
0,061042990; (189);
0,061046080; (228);
0,061174705; (49);
0,061177825; (103);
0,061180960; (60);
0,061309800; (49);
0,061312900; (124);
0,061316000; (146);
0,061444650; (49);
0,061447740; (201);
0,061450840; (96);
0,061578660; (49);
0,061581745; (158);
0,061584820; (191);
0,061713030; (49);
0,061716100; (179);
0,061719175; (185);
0,061847465; (49);
0,061850590; (82);
0,061853710; (32);
0,061982990; (49);
0,061986100; (80);
0,061989200; (109);
0,062118355; (49);
0,062121455; (143);
0,062124555; (223);
0,062253475; (49);
0,062256575; (0);
0,062259675; (0);
0,062388425; (49);
0,062391520; (137);
0,062394610; (140);
0,062523155; (49);
0,062526260; (220);
0,062529360; (162);
0,062657910; (49);
0,062661010; (174);
0,062664100; (222);
0,062792745; (49);
0,062795865; (168);
0,062798990; (162);
0,062927905; (49);
0,062931015; (165);
0,062934120; (243);
0,063062715; (49);
0,063065810; (153);
0,063068900; (223);
0,063196665; (49);
0,063199730; (64);
0,063202800; (126);
0,063330600; (49);
0,063333670; (189);
0,063336740; (197);
0,063464720; (49);
0,063467840; (220);
0,063470955; (41);
0,063600505; (49);
0,063603615; (105);
0,063606725; (4);
0,063735955; (49);
0,063739065; (176);
0,063742165; (153);
0,063871410; (49);
0,063874510; (130);
0,063877620; (218);
0,064006690; (49);
0,064009795; (75);
0,064012900; (120);
0,064141690; (49);
0,064144795; (109);
0,064147885; (42);
0,064276670; (49);
0,064279765; (160);
0,064282855; (17);
0,064411730; (49);
0,064414860; (145);
0,064417985; (214);
0,064546985; (49);
0,064550090; (90);
0,064553180; (54);
0,064681980; (49);
0,064685080; (104);
0,064688180; (245);
0,064816875; (49);
0,064819965; (220);
0,064823055; (22);
0,064951680; (49);
0,064954770; (112);
0,064957860; (57);
0,065086575; (49);
0,065089675; (126);
0,065092775; (71);
0,065221195; (49);
0,065224280; (96);
0,065227370; (231);
0,065355925; (49);
0,065359045; (87);
0,065362175; (183);
0,065491665; (49);
0,065494775; (114);
0,065497880; (57);
0,065626985; (49);
0,065630085; (130);
0,065633185; (198);
0,065761980; (49);
0,065765070; (127);
0,065768170; (95);
0,065897000; (49);
0,065900090; (188);
0,065903180; (175);
0,066031820; (49);
0,066034920; (80);
0,066038015; (1);
0,066166540; (49);
0,066169620; (65);
0,066172705; (126);
0,066301090; (49);
0,066304205; (81);
0,066307330; (137);
0,066436445; (49);
0,066439545; (136);
0,066442645; (155);
0,066571610; (49);
0,066574710; (102);
0,066577810; (252);
0,066706605; (49);
0,066709705; (98);
0,066712795; (61);
0,066841785; (49);
0,066844885; (158);
0,066847980; (182);
0,066976955; (49);
0,066980090; (127);
0,066983225; (130);
0,067112135; (49);
0,067115235; (153);
0,067118345; (200);
0,067247445; (49);
0,067250555; (183);
0,067253665; (187);
0,067382475; (49);
0,067385575; (172);
0,067388665; (58);
0,067517025; (49);
0,067520115; (68);
0,067523215; (174);
0,067651760; (49);
0,067654860; (110);
0,067657960; (15);
0,067786500; (49);
0,067789580; (191);
0,067792675; (184);
0,067921055; (49);
0,067924175; (96);
0,067927285; (101);
0,068056400; (49);
0,068059500; (106);
0,068062590; (24);
0,068191360; (49);
0,068194465; (102);
0,068197560; (144);
0,068326100; (49);
0,068329205; (98);
0,068332295; (141);
0,068460930; (49);
0,068464020; (193);
0,068467110; (92);
0,068595635; (49);
0,068598735; (77);
0,068601835; (224);
0,068730440; (49);
0,068733535; (96);
0,068736625; (159);
0,068865485; (49);
0,068868605; (185);
0,068871725; (235);
0,069000830; (49);
0,069003935; (77);
0,069007040; (17);
0,069136185; (49);
0,069139285; (105);
0,069142385; (172);
0,069271190; (49);
0,069274285; (145);
0,069277385; (142);
0,069406255; (49);
0,069409355; (169);
0,069412455; (18);
0,069541245; (49);
0,069544345; (157);
0,069547450; (251);
0,069676425; (49);
0,069679515; (148);
0,069682615; (9);
0,069811560; (49);
0,069814660; (61);
0,069817760; (109);
0,069946530; (49);
0,069949630; (50);
0,069952720; (75);
0,070081220; (49);
0,070084310; (98);
0,070087410; (96);
0,070215160; (49);
0,070218245; (130);
0,070221315; (57);
0,070349540; (49);
0,070352615; (172);
0,070355690; (195);
0,070483900; (49);
0,070487025; (138);
0,070490125; (84);
0,070619250; (49);
0,070622350; (104);
0,070625440; (57);
0,070754000; (49);
0,070757100; (156);
0,070760200; (198);
0,070887945; (49);
0,070891025; (144);
0,070894100; (65);
0,071022325; (49);
0,071025400; (159);
0,071028475; (15);
0,071156700; (49);
0,071159820; (98);
0,071162930; (32);
0,071292025; (49);
0,071295125; (86);
0,071298225; (130);
0,071427050; (49);
0,071430150; (148);
0,071433260; (218);
0,071561655; (49);
0,071564750; (181);
0,071567840; (25);
0,071696350; (49);
0,071699440; (155);
0,071702530; (52);
0,071831065; (49);
0,071834155; (67);
0,071837260; (230);
0,071965825; (49);
0,071968920; (129);
0,071972010; (124);
0,072100690; (49);
0,072103820; (179);
0,072106950; (196);
0,072235890; (49);
0,072238980; (155);
0,072242085; (9);
0,072371005; (49);
0,072374105; (151);
0,072377200; (17);
0,072505200; (49);
0,072508275; (46);
0,072511340; (84);
0,072639060; (49);
0,072642125; (119);
0,072645200; (159);
0,072773215; (49);
0,072776325; (174);
0,072779425; (192);
0,072908830; (49);
0,072911955; (94);
0,072915065; (12);
0,073044465; (49);
0,073047575; (101);
0,073050700; (60);
0,073178880; (49);
0,073181975; (151);
0,073185070; (123);
0,073313740; (49);
0,073316830; (145);
0,073319925; (4);
0,073448455; (49);
0,073451560; (70);
0,073454660; (32);
0,073583145; (49);
0,073586230; (132);
0,073589310; (99);
0,073717935; (49);
0,073721065; (220);
0,073724200; (96);
0,073853985; (49);
0,073857100; (104);
0,073860220; (94);
0,073989690; (49);
0,073992800; (116);
0,073995905; (249);
0,074124960; (49);
0,074128060; (189);
0,074131160; (186);
0,074260035; (49);
0,074263135; (22);
0,074266235; (207);
0,074395225; (49);
0,074398315; (168);
0,074401415; (17);
0,074530210; (49);
0,074533300; (107);
0,074536390; (36);
0,074665160; (49);
0,074668285; (78);
0,074671420; (150);
0,074801215; (49);
0,074804350; (151);
0,074807465; (22);
0,074937180; (49);
0,074940295; (203);
0,074943415; (63);
0,075072460; (49);
0,075075575; (171);
0,075078685; (175);
0,075207495; (49);
0,075210595; (70);
0,075213695; (230);
0,075342500; (49);
0,075345600; (183);
0,075348690; (232);
0,075477570; (49);
0,075480670; (213);
0,075483770; (197);
0,075612885; (49);
0,075615995; (218);
0,075619115; (210);
0,075747795; (49);
0,075750895; (111);
0,075753985; (228);
0,075882555; (49);
0,075885665; (120);
0,075888775; (102);
0,076016930; (49);
0,076020030; (193);
0,076023120; (1);
0,076151730; (49);
0,076154820; (191);
0,076157915; (218);
0,076286455; (49);
0,076289555; (92);
0,076292655; (222);
0,076421210; (49);
0,076424300; (109);
0,076427395; (241);
0,076556285; (49);
0,076559400; (181);
0,076562535; (158);
0,076691465; (49);
0,076694565; (81);
0,076697655; (2);
0,076826625; (49);
0,076829725; (106);
0,076832835; (154);
0,076960910; (49);
0,076963985; (120);
0,076967070; (108);
0,077095250; (49);
0,077098335; (118);
0,077101420; (64);
0,077229790; (49);
0,077232915; (109);
0,077236030; (122);
0,077364980; (49);
0,077368085; (111);
0,077371190; (46);
0,077500085; (49);
0,077503220; (111);
0,077506340; (125);
0,077634875; (49);
0,077637970; (123);
0,077641055; (142);
0,077769415; (49);
0,077772515; (36);
0,077775605; (134);
0,077903275; (49);
0,077906350; (180);
0,077909425; (116);
0,078037520; (49);
0,078040595; (219);
0,078043680; (239);
0,078172010; (49);
0,078175115; (177);
0,078178240; (36);
0,078307150; (49);
0,078310250; (81);
0,078313355; (6);
0,078442010; (49);
0,078445115; (187);
0,078448215; (42);
0,078576190; (49);
0,078579265; (153);
0,078582340; (229);
0,078710545; (49);
0,078713620; (151);
0,078716705; (222);
0,078844845; (49);
0,078847965; (50);
0,078851085; (116);
0,078980360; (49);
0,078983460; (129);
0,078986575; (102);
0,079115600; (49);
0,079118715; (96);
0,079121820; (101);
0,079250115; (49);
0,079253200; (101);
0,079256280; (232);
0,079384470; (49);
0,079387560; (21);
0,079390645; (98);
0,079519020; (49);
0,079522135; (159);
0,079525260; (140);
0,079654230; (49);
0,079657330; (98);
0,079660425; (245);
0,079789575; (49);
0,079792700; (109);
0,079795815; (203);
0,079924875; (49);
0,079927975; (35);
0,079931080; (84);
0,080059910; (49);
0,080063015; (181);
0,080066125; (251);
0,080194470; (49);
0,080197545; (220);
0,080200625; (29);
0,080328895; (49);
0,080331975; (55);
0,080335050; (146);
0,080463200; (49);
0,080466320; (138);
0,080469440; (149);
0,080598870; (49);
0,080601980; (209);
0,080605090; (64);
0,080734350; (49);
0,080737475; (126);
0,080740595; (240);
0,080869205; (49);
0,080872305; (143);
0,080875395; (123);
0,081004095; (49);
0,081007195; (210);
0,081010285; (180);
0,081138065; (49);
0,081141140; (71);
0,081144215; (125);
0,081272490; (49);
0,081275565; (134);
0,081278645; (47);
0,081406870; (49);
0,081409980; (85);
0,081413085; (101);
0,081542060; (49);
0,081545150; (173);
0,081548240; (89);
0,081676580; (49);
0,081679680; (109);
0,081682780; (247);
0,081811140; (49);
0,081814220; (143);
0,081817305; (126);
0,081945635; (49);
0,081948725; (150);
0,081951805; (187);
0,082080360; (49);
0,082083505; (175);
0,082086625; (147);
0,082216520; (49);
0,082219630; (167);
0,082222765; (90);
0,082352470; (49);
0,082355605; (176);
0,082358715; (161);
0,082487270; (49);
0,082490360; (194);
0,082493450; (192);
0,082621850; (49);
0,082624950; (92);
0,082628055; (48);
0,082756665; (49);
0,082759765; (107);
0,082762870; (218);
0,082891355; (49);
0,082894440; (186);
0,082897530; (164);
0,083025945; (49);
0,083029065; (127);
0,083032180; (74);
0,083161250; (49);
0,083164350; (146);
0,083167440; (188);
0,083295965; (49);
0,083299065; (128);
0,083302165; (84);
0,083429920; (49);
0,083432995; (156);
0,083436080; (0);
0,083564265; (49);
0,083567350; (140);
0,083570430; (206);
0,083698880; (49);
0,083702025; (137);
0,083705150; (148);
0,083834505; (49);
0,083837620; (137);
0,083840730; (202);
0,083969825; (49);
0,083972935; (127);
0,083976040; (53);
0,084104970; (49);
0,084108075; (140);
0,084111165; (31);
0,084239890; (49);
0,084242990; (91);
0,084246090; (48);
0,084373930; (49);
0,084377000; (91);
0,084380080; (15);
0,084508315; (49);
0,084511390; (211);
0,084514470; (36);
0,084642615; (49);
0,084645735; (69);
0,084648855; (24);
0,084778340; (49);
0,084781445; (196);
0,084784555; (80);
0,084913550; (49);
0,084916655; (83);
0,084919755; (202);
0,085048545; (49);
0,085051650; (72);
0,085054750; (5);
0,085183515; (49);
0,085186600; (83);
0,085189685; (183);
0,085318220; (49);
0,085321330; (12);
0,085324430; (205);
0,085453180; (49);
0,085456270; (160);
0,085459360; (204);
0,085588000; (49);
0,085591125; (117);
0,085594240; (225);
0,085723120; (49);
0,085726210; (151);
0,085729300; (8);
0,085857820; (49);
0,085860920; (36);
0,085864020; (103);
0,085992010; (49);
0,085995095; (77);
0,085998170; (15);
0,086126335; (49);
0,086129410; (83);
0,086132485; (174);
0,086260630; (49);
0,086263740; (91);
0,086266860; (195);
0,086396290; (49);
0,086399400; (170);
0,086402500; (27);
0,086531635; (49);
0,086534730; (108);
0,086537830; (35);
0,086666745; (49);
0,086669845; (84);
0,086672945; (124);
0,086801740; (49);
0,086804840; (120);
0,086807940; (171);
0,086936860; (49);
0,086939950; (166);
0,086943050; (132);
0,087071995; (49);
0,087075100; (128);
0,087078195; (86);
0,087207240; (49);
0,087210385; (141);
0,087213535; (153);
0,087343355; (49);
0,087346450; (197);
0,087349550; (190);
0,087478130; (49);
0,087481230; (30);
0,087484320; (58);
0,087612450; (49);
0,087615545; (173);
0,087618635; (21);
0,087747180; (49);
0,087750260; (171);
0,087753345; (102);
0,087881620; (49);
0,087884720; (85);
0,087887810; (105);
0,088016515; (49);
0,088019605; (82);
0,088022695; (99);
0,088151535; (49);
0,088154665; (0);
0,088157805; (0);
0,088287375; (49);
0,088290490; (118);
0,088293595; (110);
0,088422805; (49);
0,088425905; (220);
0,088429015; (70);
0,088558085; (49);
0,088561195; (91);
0,088564295; (35);
0,088693215; (49);
0,088696305; (87);
0,088699395; (171);
0,088828060; (49);
0,088831160; (10);
0,088834255; (21);
0,088962845; (49);
0,088965935; (158);
0,088969025; (64);
0,089097715; (49);
0,089100850; (220);
0,089103985; (107);
0,089233920; (49);
0,089237030; (220);
0,089240160; (61);
0,089369500; (49);
0,089372610; (95);
0,089375710; (124);
0,089504255; (49);
0,089507350; (114);
0,089510440; (245);
0,089639210; (49);
0,089642300; (158);
0,089645390; (209);
0,089774050; (49);
0,089777155; (1);
0,089780250; (187);
0,089908690; (49);
0,089911775; (145);
0,089914855; (58);
0,090043285; (49);
0,090046420; (191);
0,090049540; (18);
0,090179320; (49);
0,090182440; (216);
0,090185565; (248);
0,090315035; (49);
0,090318135; (137);
0,090321260; (126);
0,090450115; (49);
0,090453220; (135);
0,090456310; (122);
0,090585075; (49);
0,090588170; (142);
0,090591260; (142);
0,090719790; (49);
0,090722895; (134);
0,090725995; (135);
0,090854550; (49);
0,090857640; (144);
0,090860730; (87);
0,090989575; (49);
0,090992705; (61);
0,090995840; (197);
0,091124920; (49);
0,091128030; (188);
0,091131125; (91);
0,091260265; (49);
0,091263360; (149);
0,091266460; (15);
0,091395380; (49);
0,091398480; (158);
0,091401580; (232);
0,091530355; (49);
0,091533450; (168);
0,091536545; (100);
0,091665185; (49);
0,091668300; (204);
0,091671400; (99);
0,091800135; (49);
0,091803225; (177);
0,091806315; (151);
0,091935120; (49);
0,091938245; (100);
0,091941365; (105);
0,092070425; (49);
0,092073535; (93);
0,092076645; (231);
0,092205740; (49);
0,092208840; (119);
0,092211930; (111);
0,092340820; (49);
0,092343920; (131);
0,092347015; (92);
0,092475945; (49);
0,092479050; (138);
0,092482150; (113);
0,092611095; (49);
0,092614205; (174);
0,092617305; (58);
0,092746100; (49);
0,092749200; (131);
0,092752300; (224);
0,092881240; (49);
0,092884380; (155);
0,092887500; (81);
0,093016515; (49);
0,093019605; (200);
0,093022705; (196);
0,093151365; (49);
0,093154465; (88);
0,093157565; (157);
0,093285590; (49);
0,093288670; (115);
0,093291745; (60);
0,093419850; (49);
0,093422925; (87);
0,093426010; (236);
0,093554155; (49);
0,093557275; (184);
0,093560400; (123);
0,093689815; (49);
0,093692925; (62);
0,093696025; (11);
0,093825260; (49);
0,093828360; (0);
0,093831465; (0);
0,093960275; (49);
0,093963375; (117);
0,093966470; (123);
0,094095480; (49);
0,094098580; (163);
0,094101680; (5);
0,094230595; (49);
0,094233695; (124);
0,094236795; (57);
0,094365610; (49);
0,094368705; (90);
0,094371790; (254);
0,094500540; (49);
0,094503680; (110);
0,094506810; (163);
0,094636730; (49);
0,094639855; (162);
0,094642980; (43);
0,094772550; (49);
0,094775665; (123);
0,094778770; (170);
0,094907460; (49);
0,094910565; (101);
0,094913665; (200);
0,095042145; (49);
0,095045240; (156);
0,095048330; (100);
0,095176820; (49);
0,095179915; (156);
0,095183005; (229);
0,095311790; (49);
0,095314880; (173);
0,095317970; (92);
0,095446665; (49);
0,095449795; (84);
0,095452935; (19);
0,095582010; (49);
0,095585110; (97);
0,095588220; (195);
0,095717455; (49);
0,095720565; (107);
0,095723675; (75);
0,095852605; (49);
0,095855705; (100);
0,095858800; (79);
0,095987770; (49);
0,095990860; (122);
0,095993960; (110);
0,096122760; (49);
0,096125860; (131);
0,096128950; (129);
0,096257850; (49);
0,096260940; (168);
0,096264030; (218);
0,096392775; (49);
0,096395910; (138);
0,096399045; (32);
0,096528930; (49);
0,096532045; (161);
0,096535170; (17);
0,096665025; (49);
0,096668145; (140);
0,096671255; (143);
0,096799955; (49);
0,096803055; (50);
0,096806145; (68);
0,096934515; (49);
0,096937615; (42);
0,096940705; (59);
0,097069365; (49);
0,097072455; (126);
0,097075545; (28);
0,097204115; (49);
0,097207210; (103);
0,097210305; (169);
0,097339150; (49);
0,097342265; (117);
0,097345390; (243);
0,097474450; (49);
0,097477560; (114);
0,097480670; (131);
0,097609875; (49);
0,097612985; (92);
0,097616085; (94);
0,097744620; (49);
0,097747715; (115);
0,097750810; (240);
0,097879515; (49);
0,097882610; (165);
0,097885700; (193);
0,098014390; (49);
0,098017490; (138);
0,098020590; (233);
0,098149055; (49);
0,098152135; (61);
0,098155215; (56);
0,098283660; (49);
0,098286795; (105);
0,098289910; (234);
0,098419485; (49);
0,098422610; (161);
0,098425730; (244);
0,098554950; (49);
0,098558060; (200);
0,098561170; (249);
0,098690425; (49);
0,098693535; (190);
0,098696635; (13);
0,098825625; (49);
0,098828715; (82);
0,098831805; (158);
0,098960350; (49);
0,098963455; (78);
0,098966555; (211);
0,099095110; (49);
0,099098190; (136);
0,099101270; (110);
0,099229675; (49);
0,099232785; (111);
0,099235905; (74);
0,099364900; (49);
0,099368000; (126);
0,099371105; (121);
0,099500020; (49);
0,099503110; (198);
0,099506200; (219);
0,099634820; (49);
0,099637910; (95);
0,099641000; (18);
0,099769620; (49);
0,099772715; (101);
0,099775810; (157);
0,099904590; (49);
0,099907695; (167);
0,099910805; (247);
